index, S  , K  , t, T  , sigma, r   , call_value_bs     , put_value_bs
  1.1, 100, 100, 0, 1  ,   0.3, 0.03, 13.283308397880909, 10.327861752731728
  1.2, 100, 110, 0, 1  ,   0.3, 0.03,  9.24002671364994 , 15.989035403985852
  1.3, 100, 100, 0, 1.5,   0.3, 0.03, 16.56103761888422 , 12.160785802194212
  1.4, 100, 100, 0, 1  ,   0.4, 0.03, 17.138735220515535, 14.183288575366348
  1.5, 100, 100, 0, 1  ,   0.3, 0.05, 14.231254785985826,  9.354197236057225
  1.6, 110, 100, 0, 1  ,   0.3, 0.03, 19.87301046965876 ,  6.917563824509575
